{"stat.pickup.minecraft.wooden_slab":23,"stat.leaveGame":33,"stat.useItem.minecraft.bookshelf":16,"stat.mineBlock.minecraft.sandstone":23,"stat.useItem.minecraft.poisonous_potato":1,"stat.useItem.minecraft.mutton":8,"stat.pickup.minecraft.fishing_rod":6,"stat.useItem.minecraft.planks":732,"stat.pickup.minecraft.porkchop":6,"stat.pickup.minecraft.glass":276,"stat.useItem.minecraft.water_bucket":105,"stat.mineBlock.minecraft.red_mushroom":1,"stat.pickup.minecraft.rotten_flesh":26,"stat.drop.minecraft.poisonous_potato":2,"stat.pickup.minecraft.sand":228,"stat.craftItem.minecraft.stone_axe":14,"achievement.diamonds":5,"stat.pickup.minecraft.bucket":3,"stat.mineBlock.minecraft.wooden_slab":3,"stat.craftItem.minecraft.stone_sword":11,"stat.useItem.minecraft.anvil":6,"stat.pickup.minecraft.brown_mushroom":140,"achievement.buildPickaxe":37,"stat.mineBlock.minecraft.sand":150,"achievement.buildBetterPickaxe":36,"stat.useItem.minecraft.fence_gate":10,"stat.useItem.minecraft.iron_pickaxe":1906,"stat.pickup.minecraft.stained_hardened_clay":4,"stat.craftItem.minecraft.wooden_pickaxe":2,"stat.pickup.minecraft.double_plant":20,"stat.craftItem.minecraft.bed":4,"achievement.breedCow":12,"stat.useItem.minecraft.oak_stairs":11,"stat.furnaceInteraction":119,"stat.craftItem.minecraft.pumpkin_seeds":4,"stat.pickup.minecraft.fence_gate":22,"stat.pickup.minecraft.beef":34,"stat.pickup.minecraft.furnace":9,"stat.drop.minecraft.stained_hardened_clay":4,"achievement.mineWood":679,"stat.mineBlock.minecraft.stained_hardened_clay":5,"stat.useItem.minecraft.fence":75,"achievement.openInventory":330,"stat.mineBlock.minecraft.fence":5,"stat.useItem.minecraft.wheat_seeds":176,"stat.craftItem.minecraft.fence_gate":12,"stat.pickup.minecraft.pumpkin_seeds":4,"stat.pickup.minecraft.saddle":4,"stat.pickup.minecraft.emerald":3,"stat.mineBlock.minecraft.oak_stairs":1,"stat.deaths":8,"stat.pickup.minecraft.egg":96,"stat.playOneMinute":1009488,"stat.craftItem.minecraft.iron_pickaxe":5,"stat.drop.minecraft.chest":1,"stat.mineBlock.minecraft.tallgrass":139,"stat.fishCaught":46,"stat.chestOpened":922,"stat.pickup.minecraft.pumpkin":2,"stat.craftItem.minecraft.sign":24,"stat.useItem.minecraft.stone":70,"stat.pickup.minecraft.arrow":18,"stat.pickup.minecraft.waterlily":2,"stat.pickup.minecraft.iron_sword":1,"stat.fallOneCm":239956,"stat.drop.minecraft.stone":2,"stat.pickup.minecraft.carrot":695,"stat.drop.minecraft.stone_sword":2,"stat.crouchOneCm":16882,"achievement.killCow":9,"stat.mineBlock.minecraft.chest":27,"stat.craftItem.minecraft.chest":47,"stat.craftItem.minecraft.iron_ingot":168,"stat.pickup.minecraft.red_mushroom":2,"stat.craftingTableInteraction":134,"stat.pickup.minecraft.milk_bucket":1,"stat.pickup.minecraft.wooden_pickaxe":6,"stat.drop.minecraft.bone":1,"achievement.bakeCake":3,"stat.useItem.minecraft.furnace":21,"stat.useItem.minecraft.reeds":42,"stat.pickup.minecraft.dye":205,"stat.pickup.minecraft.planks":455,"stat.mineBlock.minecraft.spruce_fence":13,"stat.pickup.minecraft.wheat_seeds":832,"stat.mineBlock.minecraft.gravel":52,"stat.breakItem.minecraft.stone_axe":5,"stat.useItem.minecraft.stone_pickaxe":2782,"stat.useItem.minecraft.stone_sword":289,"stat.useItem.minecraft.enchanting_table":1,"stat.craftItem.minecraft.oak_stairs":24,"stat.mineBlock.minecraft.dirt":578,"stat.pickup.minecraft.poisonous_potato":10,"stat.useItem.minecraft.torch":622,"stat.useItem.minecraft.bread":1,"stat.pickup.minecraft.crafting_table":6,"stat.useItem.minecraft.log":12,"stat.useItem.minecraft.cobblestone":494,"stat.craftItem.minecraft.crafting_table":7,"stat.mineBlock.minecraft.double_plant":29,"stat.craftItem.minecraft.boat":1,"stat.pickup.minecraft.log":829,"stat.pickup.minecraft.iron_pickaxe":3,"stat.craftItem.minecraft.gold_ingot":22,"stat.pickup.minecraft.sapling":219,"stat.pickup.minecraft.wooden_door":9,"stat.pickup.minecraft.apple":41,"stat.breakItem.minecraft.stone_shovel":3,"stat.pickup.minecraft.beetroot":196,"stat.craftItem.minecraft.bucket":5,"stat.craftItem.minecraft.planks":1864,"stat.itemEnchanted":16,"stat.pickup.minecraft.stone_sword":9,"stat.craftItem.minecraft.fishing_rod":1,"stat.pickup.minecraft.book":65,"stat.mineBlock.minecraft.log":689,"stat.craftItem.minecraft.wooden_door":9,"stat.useItem.minecraft.stone_hoe":122,"stat.useItem.minecraft.wooden_door":12,"achievement.acquireIron":13,"stat.craftItem.minecraft.sugar":6,"stat.useItem.minecraft.beetroot_seeds":86,"stat.pickup.minecraft.red_flower":244,"stat.sneakTime":7061,"stat.pickup.minecraft.wool":64,"stat.craftItem.minecraft.spruce_fence_gate":1,"stat.useItem.minecraft.baked_potato":32,"stat.useItem.minecraft.wooden_axe":20,"stat.pickup.minecraft.yellow_flower":53,"stat.useItem.minecraft.fishing_rod":83,"stat.pickup.minecraft.chest":30,"stat.craftItem.minecraft.enchanting_table":1,"stat.drop.minecraft.stone_pickaxe":2,"stat.pickup.minecraft.tripwire_hook":3,"stat.pickup.minecraft.bone":39,"stat.horseOneCm":29969,"stat.pickup.minecraft.spruce_fence_gate":5,"stat.drop.minecraft.stone_shovel":1,"stat.mineBlock.minecraft.cobblestone":99,"stat.mineBlock.minecraft.pumpkin":1,"stat.pickup.minecraft.stone_pickaxe":8,"stat.pickup.minecraft.flint":14,"stat.mineBlock.minecraft.yellow_flower":15,"stat.mineBlock.minecraft.brown_mushroom":28,"stat.swimOneCm":155838,"stat.climbOneCm":159567,"stat.pickup.minecraft.enchanted_book":14,"stat.drop.minecraft.cobblestone":128,"achievement.buildWorkBench":6,"stat.drop.minecraft.brown_mushroom":10,"stat.breakItem.minecraft.iron_pickaxe":1,"stat.useItem.minecraft.obsidian":1,"stat.useItem.minecraft.dirt":252,"stat.pickup.minecraft.bow":3,"achievement.exploreAllBiomes":{"value":0,"progress":["Sunflower Plains","ForestHills","Roofed Forest","Flower Forest","Plains","Mega Spruce Taiga","TaigaHills","Beach","DesertHills","Stone Beach","Mega Taiga Hills","River","Forest","Ocean","Taiga","Desert","Mega Taiga","Extreme Hills","Swampland","Deep Ocean"]},"stat.pickup.minecraft.stone_hoe":2,"stat.craftItem.minecraft.furnace":12,"stat.craftItem.minecraft.spruce_boat":3,"stat.pickup.minecraft.anvil":4,"stat.craftItem.minecraft.stone_pickaxe":30,"stat.mineBlock.minecraft.obsidian":50,"stat.pickup.minecraft.shears":1,"stat.pickup.minecraft.cobblestone":5097,"stat.craftItem.minecraft.bow":1,"stat.useItem.minecraft.spruce_fence_gate":1,"stat.drop.minecraft.fence":1,"stat.useItem.minecraft.stone_shovel":675,"stat.flyOneCm":983121,"stat.pickup.minecraft.sandstone":19,"stat.pickup.minecraft.fish":65,"stat.craftItem.minecraft.wooden_slab":6,"stat.pickup.minecraft.cactus":22,"stat.pickup.minecraft.redstone":798,"stat.mineBlock.minecraft.iron_ore":135,"stat.timeSinceDeath":21992,"stat.useItem.minecraft.sign":46,"stat.useItem.minecraft.wooden_slab":3,"stat.pickup.minecraft.mutton":122,"stat.craftItem.minecraft.iron_block":10,"stat.craftItem.minecraft.cake":3,"stat.pickup.minecraft.cake":4,"stat.useItem.minecraft.potato":153,"stat.pickup.minecraft.wooden_axe":5,"stat.pickup.minecraft.spruce_fence":85,"stat.drop.minecraft.dirt":16,"stat.mineBlock.minecraft.coal_ore":484,"stat.drop.minecraft.wool":8,"stat.craftItem.minecraft.stone_hoe":4,"stat.talkedToVillager":38,"stat.pickup.minecraft.string":10,"stat.mineBlock.minecraft.ladder":12,"stat.useItem.minecraft.milk_bucket":3,"stat.entityKilledBy.Skeleton":4,"achievement.buildSword":12,"stat.useItem.minecraft.spruce_fence":13,"stat.killEntity.Squid":2,"stat.sprintOneCm":491074,"stat.craftItem.minecraft.stick":592,"stat.craftItem.minecraft.wooden_axe":1,"stat.useItem.minecraft.bed":12,"stat.craftItem.minecraft.stone":152,"stat.mineBlock.minecraft.diamond_ore":4,"stat.mineBlock.minecraft.crafting_table":5,"stat.useItem.minecraft.diamond_pickaxe":53,"stat.useItem.minecraft.carrot":226,"stat.pickup.minecraft.golden_horse_armor":2,"stat.useItem.minecraft.bucket":108,"stat.entityKilledBy.Creeper":2,"achievement.killEnemy":8,"stat.pickup.minecraft.sugar":6,"achievement.buildFurnace":11,"stat.mineBlock.minecraft.planks":90,"stat.drop":54,"stat.killEntity.Sheep":20,"stat.useItem.minecraft.ladder":72,"stat.craftItem.minecraft.diamond_pickaxe":1,"stat.killEntity.Zombie":4,"stat.craftItem.minecraft.dye":2,"stat.mineBlock.minecraft.gold_ore":22,"stat.diveOneCm":51624,"stat.pickup.minecraft.wheat":286,"stat.craftItem.minecraft.ladder":66,"achievement.buildHoe":4,"stat.pickup.minecraft.sign":44,"stat.pickup.minecraft.gravel":44,"stat.mineBlock.minecraft.anvil":4,"stat.drop.minecraft.ladder":1,"stat.pickup.minecraft.stone_axe":11,"stat.useItem.minecraft.apple":1,"stat.pickup.minecraft.obsidian":85,"stat.useItem.minecraft.porkchop":3,"stat.jump":12545,"stat.pickup.minecraft.fence":184,"stat.pickup.minecraft.coal":843,"stat.pickup.minecraft.iron_ingot":3,"stat.useItem.minecraft.stone_axe":914,"stat.craftItem.minecraft.bread":7,"stat.pickup.minecraft.gunpowder":32,"stat.pickup.minecraft.spider_eye":4,"stat.craftItem.minecraft.torch":468,"stat.pickup.minecraft.dirt":711,"achievement.makeBread":7,"stat.mineBlock.minecraft.spruce_fence_gate":1,"stat.pickup.minecraft.iron_ore":135,"stat.pickup.minecraft.stone_shovel":8,"stat.boatOneCm":568939,"stat.pickup.minecraft.gold_ore":22,"stat.useItem.minecraft.sapling":52,"stat.mineBlock.minecraft.lapis_ore":15,"stat.craftItem.minecraft.flint_and_steel":1,"stat.damageTaken":4140,"stat.pickup.minecraft.leather":26,"stat.mineBlock.minecraft.torch":209,"stat.mineBlock.minecraft.furnace":9,"stat.mineBlock.minecraft.red_flower":83,"stat.useItem.minecraft.wooden_pickaxe":47,"stat.mineBlock.minecraft.sapling":6,"stat.pickup.minecraft.reeds":402,"stat.pickup.minecraft.bed":10,"stat.mineBlock.minecraft.fence_gate":4,"stat.pickup.minecraft.potato":456,"stat.pickup.minecraft.oak_stairs":53,"stat.damageDealt":3877,"stat.craftItem.minecraft.glass":101,"stat.sleepInBed":62,"stat.craftItem.minecraft.baked_potato":163,"stat.craftItem.minecraft.anvil":2,"stat.killEntity.Cow":6,"stat.useItem.minecraft.crafting_table":9,"stat.killEntity.Pig":1,"stat.craftItem.minecraft.iron_sword":1,"stat.craftItem.minecraft.stone_slab":96,"stat.craftItem.minecraft.stone_shovel":8,"stat.pickup.minecraft.boat":4,"stat.walkOneCm":3657558,"stat.animalsBred":43,"stat.useItem.minecraft.chest":60,"stat.pickup.minecraft.stick":14,"stat.pickup.minecraft.diamond_pickaxe":1,"stat.useItem.minecraft.lava_bucket":1,"stat.useItem.minecraft.spruce_boat":6,"stat.breakItem.minecraft.stone_pickaxe":17,"stat.pickup.minecraft.tnt":18,"stat.pickup.minecraft.stone":1261,"stat.pickup.minecraft.baked_potato":10,"stat.drop.minecraft.wooden_slab":26,"stat.pickup.minecraft.ladder":30,"stat.pickup.minecraft.gold_ingot":29,"stat.killEntity.Skeleton":2,"stat.mineBlock.minecraft.tnt":9,"stat.mineBlock.minecraft.cactus":6,"stat.craftItem.minecraft.bookshelf":16,"stat.killEntity.Spider":2,"stat.pickup.minecraft.bread":10,"stat.craftItem.minecraft.spruce_fence":12,"stat.mobKills":38,"stat.mineBlock.minecraft.bookshelf":21,"stat.craftItem.minecraft.shears":1,"stat.craftItem.minecraft.fence":123,"stat.useItem.minecraft.boat":5,"stat.pickup.minecraft.diamond":8,"stat.mineBlock.minecraft.leaves":257,"stat.pickup.minecraft.beetroot_seeds":429,"stat.pickup.minecraft.iron_horse_armor":1,"stat.pickup.minecraft.torch":425,"stat.mineBlock.minecraft.redstone_ore":87,"stat.pickup.minecraft.lava_bucket":4,"stat.pickup.minecraft.spruce_boat":7,"stat.mineBlock.minecraft.stone":3744}