{"stat.chestOpened":2,"stat.beaconInteraction":5,"stat.useItem.minecraft.quartz_block":7822,"stat.pickup.minecraft.sign":2,"stat.useItem.minecraft.quartz_stairs":247,"stat.leaveGame":23,"stat.useItem.minecraft.beacon":1,"stat.useItem.minecraft.potion":1,"stat.useItem.minecraft.glowstone":620,"stat.swimOneCm":13138,"stat.jump":1302,"stat.useItem.minecraft.sand":20,"stat.pickup.minecraft.glowstone":1,"stat.crouchOneCm":1260,"stat.pickup.minecraft.glass":1,"stat.drop.minecraft.glowstone":1,"stat.drop.minecraft.glass":1,"stat.useItem.minecraft.glass":1084,"stat.pickup.minecraft.sand":59,"stat.boatOneCm":1136,"stat.useItem.minecraft.golden_rail":34,"stat.useItem.minecraft.rail":146,"stat.flyOneCm":2735922,"stat.pickup.minecraft.quartz_block":6,"stat.pickup.minecraft.wheat_seeds":9,"stat.useItem.minecraft.birch_fence":254,"stat.pickup.minecraft.cactus":9,"stat.timeSinceDeath":337104,"stat.useItem.minecraft.sign":90,"stat.walkOneCm":416324,"stat.useItem.minecraft.torch":25,"stat.useItem.minecraft.lever":15,"stat.sprintOneCm":17824,"stat.pickup.minecraft.wooden_door":1,"stat.useItem.minecraft.diamond_block":11,"stat.useItem.minecraft.stone_pressure_plate":7,"stat.useItem.minecraft.wooden_door":37,"stat.useItem.minecraft.boat":1,"stat.drop":9,"stat.pickup.minecraft.egg":1,"stat.playOneMinute":337104,"stat.pickup.minecraft.torch":12,"stat.sneakTime":10350,"stat.drop.minecraft.quartz_block":7,"stat.pickup.minecraft.yellow_flower":3,"stat.diveOneCm":39476,"stat.useItem.minecraft.sandstone":2}