{"stat.useItem.minecraft.bow":1,"stat.useItem.minecraft.quartz_block":18458,"stat.pickup.minecraft.stone_pressure_plate":3,"stat.pickup.minecraft.redstone_torch":3,"stat.useItem.minecraft.repeater":61,"stat.leaveGame":57,"stat.useItem.minecraft.skull":1,"stat.useItem.minecraft.diamond_sword":23,"stat.useItem.minecraft.glowstone":2162,"stat.swimOneCm":18068,"stat.climbOneCm":110,"stat.pickup.minecraft.glowstone":4,"stat.pickup.minecraft.porkchop":2,"stat.pickup.minecraft.glass":8,"stat.useItem.minecraft.obsidian":566,"stat.useItem.minecraft.redstone_torch":27,"stat.useItem.minecraft.dirt":456,"stat.useItem.minecraft.water_bucket":71,"stat.drop.minecraft.redstone_torch":1,"stat.useItem.minecraft.detector_rail":1,"stat.pickup.minecraft.name_tag":2,"stat.useItem.minecraft.rail":451,"stat.pickup.minecraft.cobblestone":15,"stat.pickup.minecraft.activator_rail":7,"stat.flyOneCm":6782246,"stat.pickup.minecraft.redstone":51,"stat.timeSinceDeath":53260,"stat.hopperInspected":28,"stat.useItem.minecraft.sign":258,"stat.useItem.minecraft.spawn_egg":49,"stat.useItem.minecraft.iron_door":25,"stat.drop.minecraft.repeater":1,"stat.drop.minecraft.rail":2,"stat.useItem.minecraft.lever":249,"stat.pickup.minecraft.redstone_lamp":1,"stat.killEntity.Creeper":6,"stat.useItem.minecraft.chest_minecart":1,"stat.useItem.minecraft.minecart":42,"stat.useItem.minecraft.redstone":491,"stat.drop.minecraft.obsidian":1,"stat.sprintOneCm":46586,"stat.useItem.minecraft.diamond_shovel":2,"stat.useItem.minecraft.stained_glass":333,"stat.pickup.minecraft.skull":1,"stat.useItem.minecraft.stone_slab":7,"stat.useItem.minecraft.flint_and_steel":1230,"stat.useItem.minecraft.stone_pressure_plate":65,"stat.useItem.minecraft.hopper":36,"stat.useItem.minecraft.wooden_shovel":13,"stat.useItem.minecraft.dye":31,"stat.pickup.minecraft.spawn_egg":1,"stat.pickup.minecraft.lever":7,"stat.deaths":4,"stat.drop":32,"stat.playOneMinute":1078513,"stat.drop.minecraft.golden_rail":1,"stat.useItem.minecraft.ladder":16,"stat.diveOneCm":30642,"stat.chestOpened":22,"stat.pickup.minecraft.sign":10,"stat.useItem.minecraft.stone":154,"stat.useItem.minecraft.quartz_stairs":387,"stat.pickup.minecraft.detector_rail":4,"stat.jump":5109,"stat.pickup.minecraft.coal":15,"stat.fallOneCm":2518,"stat.pickup.minecraft.iron_ingot":5,"stat.pickup.minecraft.melon_seeds":12,"stat.pickup.minecraft.gunpowder":2,"stat.crouchOneCm":6682,"stat.pickup.minecraft.rail":30,"stat.pickup.minecraft.dirt":6,"stat.drop.minecraft.glowstone":4,"stat.drop.minecraft.glass":7,"stat.useItem.minecraft.glass":2090,"stat.useItem.minecraft.redstone_lamp":63,"stat.pickup.minecraft.comparator":1,"stat.pickup.minecraft.repeater":4,"stat.useItem.minecraft.golden_rail":1628,"stat.damageTaken":814,"stat.drop.minecraft.minecart":2,"stat.pickup.minecraft.quartz_block":8,"stat.useItem.minecraft.birch_fence":575,"stat.pickup.minecraft.wheat_seeds":48,"stat.useItem.minecraft.stone_sword":2,"stat.damageDealt":314,"stat.useItem.minecraft.wool":5,"stat.pickup.minecraft.minecart":2,"stat.walkOneCm":1622498,"stat.pickup.minecraft.golden_apple":1,"stat.useItem.minecraft.chest":64,"stat.useItem.minecraft.comparator":1,"stat.useItem.minecraft.tnt":378,"stat.useItem.minecraft.gravel":116,"stat.useItem.minecraft.lava_bucket":102,"stat.minecartOneCm":598512,"stat.drop.minecraft.sign":2,"stat.drop.minecraft.iron_door":1,"stat.useItem.minecraft.birch_fence_gate":41,"stat.pickup.minecraft.chicken":18,"stat.useItem.minecraft.stained_hardened_clay":161,"stat.pickup.minecraft.sapling":1,"stat.pickup.minecraft.wooden_door":11,"stat.drop.minecraft.lever":1,"stat.pickup.minecraft.bread":3,"stat.useItem.minecraft.daylight_detector":24,"stat.mobKills":6,"stat.useItem.minecraft.wooden_door":88,"stat.pickup.minecraft.iron_door":1,"stat.pickup.minecraft.beetroot_seeds":1,"stat.pickup.minecraft.torch":18,"stat.pickup.minecraft.red_flower":17,"stat.sneakTime":35329,"stat.pickup.minecraft.wool":2,"stat.drop.minecraft.quartz_block":9,"stat.pickup.minecraft.yellow_flower":18,"stat.pickup.minecraft.golden_rail":100}