{"stat.useItem.minecraft.command_block":2,"stat.useItem.minecraft.bow":1,"stat.drop.minecraft.mutton":2,"stat.walkOneCm":39875,"stat.pickup.minecraft.bone":55,"stat.useItem.minecraft.quartz_block":31,"stat.playerKills":2,"stat.useItem.minecraft.stone":2,"stat.pickup.minecraft.stick":2,"stat.drop.minecraft.porkchop":64,"stat.leaveGame":1,"stat.pickup.minecraft.arrow":53,"stat.drop.minecraft.red_mushroom":1,"stat.drop.minecraft.dirt":1,"stat.drop.minecraft.redstone":1,"stat.drop.minecraft.wool":73,"stat.minecartOneCm":32094,"stat.drop.minecraft.spawn_egg":1,"stat.drop.minecraft.red_flower":5,"stat.pickup.minecraft.string":7,"stat.jump":98,"stat.swimOneCm":2353,"stat.useItem.minecraft.minecart":2,"stat.drop.minecraft.chicken":59,"stat.fallOneCm":752,"stat.pickup.minecraft.beef":196,"stat.drop.minecraft.dye":92,"stat.drop.minecraft.feather":60,"stat.drop.minecraft.stone_sword":1,"stat.pickup.minecraft.porkchop":130,"stat.pickup.minecraft.gunpowder":26,"stat.crouchOneCm":584,"stat.pickup.minecraft.chicken":59,"stat.useItem.minecraft.dirt":2,"stat.drop.minecraft.egg":35,"stat.sprintOneCm":69145,"stat.pickup.minecraft.red_mushroom":1,"stat.drop.minecraft.leather":102,"achievement.exploreAllBiomes":{"value":0,"progress":["Sunflower Plains","Roofed Forest","River","Plains","TaigaHills"]},"stat.useItem.minecraft.fireworks":6,"stat.drop.minecraft.glass":1,"stat.craftingTableInteraction":1,"stat.pickup.minecraft.rotten_flesh":70,"stat.useItem.minecraft.glass":53,"stat.drop.minecraft.bow":1,"achievement.openInventory":47,"stat.damageTaken":365,"stat.pickup.minecraft.feather":60,"stat.pickup.minecraft.leather":102,"stat.drop.minecraft.bone":55,"stat.drop.minecraft.fireworks":3,"stat.drop.minecraft.elytra":1,"stat.aviateOneCm":280097,"stat.pickup.minecraft.dye":92,"stat.drop.minecraft.tipped_arrow":63,"stat.drop.minecraft.minecart":1,"stat.flyOneCm":237279,"stat.deaths":1,"stat.drop":36,"stat.pickup.minecraft.egg":35,"stat.playOneMinute":35637,"stat.pickup.minecraft.red_flower":5,"stat.sneakTime":486,"stat.useItem.minecraft.stone_sword":8,"stat.pickup.minecraft.wool":93,"stat.drop.minecraft.quartz_block":2,"stat.damageDealt":144,"stat.drop.minecraft.stone_axe":1,"stat.pickup.minecraft.redstone":1,"stat.drop.minecraft.beef":196,"stat.drop.minecraft.arrow":53,"stat.timeSinceDeath":25907,"stat.useItem.minecraft.crafting_table":1,"stat.useItem.minecraft.spawn_egg":1,"stat.diveOneCm":3408,"stat.pickup.minecraft.mutton":130,"stat.drop.minecraft.stick":2}